subject,img,pixels
1,1,168153 9 168570 15 168984 22 169401 26 169818 30 170236 34 170654 36 171072 39 171489 42 171907 44 172325 46 172742 50 173159 53 173578 54 173997 55 174416 56 174834 58 175252 60 175670 62 176088 64 176507 65 176926 66 177345 66 177764 67 178183 67 178601 69 179020 70 179438 71 179857 71 180276 71 180694 73 181113 73 181532 73 181945 2 181950 75 182365 79 182785 79 183205 78 183625 78 184045 77 184465 76 184885 75 185305 75 185725 74 186145 73 186565 72 186985 71 187405 71 187825 70 188245 69 188665 68 189085 68 189506 66 189926 65 190346 63 190766 63 191186 62 191606 62 192026 61 192446 60 192866 59 193286 59 193706 58 194126 57 194546 56 194966 55 195387 53 195807 53 196227 51 196647 50 197067 50 197487 48 197907 47 198328 45 198749 42 199169 40 199589 39 200010 35 200431 33 200853 29 201274 27 201697 20 202120 15 202544 6
1,2,96346 7 96762 16 97179 27 97595 35 98012 40 98429 44 98845 49 99262 55 99678 59 100095 63 100511 67 100928 71 101345 74 101761 79 102178 82 102595 86 103014 87 103433 88 103852 89 104271 90 104690 91 105110 92 105529 93 105948 94 106367 95 106786 96 107205 97 107625 97 108044 98 108463 99 108882 100 109301 101 109720 102 110140 102 110559 102 110978 103 111398 103 111817 104 112237 104 112656 105 113076 105 113495 106 113915 105 114334 106 114754 106 115174 106 115593 106 116013 106 116433 105 116853 104 117272 105 117692 104 118112 104 118532 103 118952 102 119372 102 119792 102 120212 101 120633 98 121053 97 121473 95 121893 94 122313 87 122734 84 123154 81 123575 77 123996 71 124416 68 124836 65 125257 60 125678 57 126099 52 126520 44 126942 39 127364 32 127789 20 128211 15 128633 11
1,3,121957 2 122365 26 122784 28 123202 31 123618 36 124036 39 124454 42 124872 44 125289 47 125707 50 126126 51 126544 53 126963 54 127381 57 127798 60 128217 61 128636 63 129055 64 129475 65 129894 66 130313 67 130732 68 131151 69 131570 70 131989 71 132408 73 132827 74 133246 75 133650 6 133665 76 134070 11 134084 77 134489 92 134908 92 135326 94 135745 95 136164 96 136583 97 137001 98 137420 99 137839 99 138259 99 138679 98 139098 98 139518 98 139937 99 140356 100 140775 100 141195 100 141614 100 142034 100 142454 99 142873 100 143293 99 143712 100 144132 100 144551 100 144971 100 145391 100 145811 99 146230 100 146650 99 147069 99 147489 98 147909 98 148329 97 148749 97 149168 97 149588 97 150008 96 150428 95 150848 94 151268 94 151688 93 152108 93 152528 92 152948 91 153368 90 153788 89 154208 89 154628 88 155048 87 155468 85 155889 83 156309 82 156729 81 157150 79 157570 78 157991 76 158412 74 158832 73 159252 72 159673 70 160095 67 160516 64 160938 61 161359 59 161781 56 162203 53 162623 51 163044 47 163465 44 163887 39 164309 36 164730 33 165154 26 165580 15 166002 11
1,4,110980 9 111393 21 111810 33 112228 43 112647 45 113066 46 113485 48 113904 50 114324 51 114743 53 115162 55 115581 57 116001 58 116420 60 116840 61 117259 63 117679 64 118098 66 118518 66 118937 69 119357 71 119777 72 120197 73 120616 74 121036 75 121456 75 121876 76 122296 77 122716 77 123136 77 123556 77 123976 77 124396 77 124816 77 125236 77 125656 77 126076 77 126496 77 126916 77 127336 76 127756 76 128176 75 128596 75 129016 75 129436 74 129856 73 130276 72 130696 70 131117 68 131537 68 131958 66 132378 65 132800 62 133220 59 133642 56 134063 54 134485 50 134907 45 135330 39 135751 36 136174 32 136599 23
1,5,
1,6,
1,7,172767 15 173175 29 173591 34 173993 7 174004 42 174412 56 174830 58 175248 61 175667 63 176085 65 176503 67 176922 68 177340 71 177759 72 178177 74 178595 76 179013 78 179431 80 179850 81 180268 83 180687 84 181105 86 181524 87 181943 88 182361 90 182780 91 183198 93 183617 94 184036 95 184455 96 184875 96 185294 96 185714 96 186133 97 186553 97 186972 98 187392 98 187811 99 188231 99 188651 99 189071 99 189491 98 189910 99 190330 98 190750 98 191170 97 191590 97 192010 97 192431 95 192851 95 193271 95 193691 94 194111 94 194532 92 194952 91 195373 89 195793 88 196214 86 196635 85 197055 85 197476 83 197897 81 198319 78 198739 76 199160 73 199581 70 200001 68 200423 65 200845 62 201266 58 201688 53 202109 50 202530 46 202952 40 203376 29 203799 24 204224 14
1,8,
1,9,
1,10,
1,11,
1,12,
1,13,
1,14,129067 35 129480 45 129899 48 130317 51 130736 52 131154 55 131573 56 131991 59 132410 61 132829 62 133247 64 133666 66 134084 68 134503 69 134922 71 135340 74 135760 74 136179 75 136598 77 137018 77 137437 78 137857 78 138276 80 138695 81 139115 81 139534 82 139954 82 140373 83 140792 84 141212 84 141631 85 142051 85 142470 86 142889 87 143308 88 143728 88 144148 88 144567 89 144986 90 145406 90 145825 90 146245 90 146665 90 147084 91 147504 90 147923 91 148342 92 148762 91 149182 90 149601 91 150021 90 150441 90 150861 90 151281 89 151701 89 152121 88 152540 89 152960 88 153380 88 153801 87 154221 86 154641 85 155061 84 155481 84 155901 83 156321 82 156742 81 157162 80 157582 79 158002 78 158422 78 158842 78 159263 76 159683 76 160104 74 160524 73 160944 72 161364 71 161785 69 162205 68 162625 67 163046 65 163466 64 163887 62 164307 61 164728 59 165149 57 165569 56 165990 54 166410 51 166831 49 167252 47 167673 44 168094 42 168515 40 168938 34 169359 32 169783 23 170210 8
1,15,157175 4 157591 14 158008 23 158427 28 158846 33 159265 38 159683 44 160103 47 160157 5 160522 63 160941 65 161361 66 161780 68 162200 68 162619 70 163039 71 163459 71 163878 73 164298 73 164718 74 165137 75 165557 75 165977 75 166397 75 166817 76 167237 76 167657 76 168077 76 168497 76 168917 76 169337 76 169757 75 170177 75 170597 75 171017 75 171437 74 171857 74 172277 74 172698 73 173118 72 173539 71 173959 70 174380 69 174800 69 175220 69 175640 68 176061 67 176481 66 176902 65 177323 63 177744 62 178165 60 178586 59 179006 59 179426 58 179846 57 180267 55 180688 53 181109 51 181530 48 181952 45 182374 39 182795 36 183217 33 183639 28 184061 21 184487 10
1,16,
1,17,81614 17 82025 31 82437 44 82853 49 83272 51 83689 55 84107 58 84525 61 84942 64 85360 69 85778 71 86197 72 86616 73 87035 75 87454 76 87872 78 88291 79 88711 79 89130 80 89550 80 89970 80 90389 82 90809 82 91229 82 91649 81 92069 81 92489 81 92909 81 93329 81 93749 81 94169 81 94589 81 95009 81 95429 81 95849 81 96269 81 96689 81 97109 80 97529 80 97949 80 98369 80 98789 80 99209 78 99629 78 100048 79 100468 78 100888 78 101309 77 101729 77 102150 75 102570 74 102991 73 103411 72 103832 71 104252 70 104672 69 105093 68 105513 67 105934 65 106355 63 106777 59 107197 57 107618 54 108039 52 108460 49 108881 45 109303 42 109724 38 110146 31 110568 27
1,18,
1,19,
1,20,152589 2 153006 9 153423 15 153839 23 154256 32 154672 45 155089 51 155506 58 155922 63 156339 67 156757 71 157176 73 157596 73 158015 75 158434 77 158853 78 159272 79 159691 80 160110 82 160529 83 160947 85 161367 85 161786 86 162205 87 162624 88 163043 89 163462 90 163882 90 164301 91 164720 92 165139 93 165559 93 165978 94 166398 94 166817 95 167237 95 167656 96 168075 97 168494 98 168914 98 169334 98 169753 99 170173 99 170593 98 171013 98 171433 97 171853 97 172272 97 172692 97 173112 96 173531 97 173951 96 174372 95 174792 94 175213 93 175633 93 176053 92 176474 91 176894 90 177314 89 177735 87 178156 85 178577 83 178998 81 179420 78 179841 77 180263 74 180684 73 181105 70 181526 67 181947 64 182370 60 182792 56 183214 52 183636 48 184062 40 184486 34 184919 20 185344 12
1,21,
1,22,
1,23,122374 2 122793 3 123213 4 123630 8 124046 13 124462 18 124878 23 125294 27 125710 32 126126 36 126542 40 126959 44 127375 48 127794 50 128212 53 128631 55 129049 57 129468 59 129886 61 130305 63 130723 65 131142 66 131561 68 131980 69 132399 71 132818 72 133235 75 133654 76 134073 77 134493 78 134912 79 135331 80 135750 81 136169 83 136588 84 137007 85 137426 86 137845 87 138264 88 138684 88 139103 90 139523 91 139943 91 140362 92 140782 92 141201 93 141621 93 142041 93 142461 93 142880 94 143300 94 143720 94 144139 96 144559 96 144979 96 145399 96 145819 96 146239 95 146658 96 147078 96 147498 96 147917 97 148337 97 148757 97 149178 95 149599 94 150019 93 150439 93 150859 93 151279 93 151699 93 152119 93 152540 92 152960 91 153381 90 153802 89 154222 89 154643 88 155064 87 155485 85 155905 85 156326 84 156747 82 157168 81 157589 79 158009 79 158430 78 158850 77 159271 75 159692 74 160115 69 160536 66 160957 62 161378 60 161799 56 162222 51 162643 46 163064 41 163485 39 163909 30 164334 14
1,24,127371 11 127784 31 128203 35 128621 39 129040 42 129459 45 129878 49 130297 52 130716 55 131135 58 131554 62 131973 65 132392 68 132811 71 133230 75 133649 77 134069 77 134488 79 134908 80 135327 82 135746 84 136166 84 136585 86 137005 86 137424 88 137844 88 138263 89 138683 89 139101 92 139521 93 139940 94 140360 94 140780 94 141199 95 141619 95 142038 96 142458 96 142878 96 143297 97 143717 97 144136 97 144556 97 144976 96 145396 96 145816 96 146236 95 146656 95 147076 95 147496 95 147916 95 148336 94 148756 93 149176 93 149597 91 150017 90 150437 89 150858 88 151278 87 151699 85 152120 83 152541 80 152961 79 153382 77 153803 74 154224 72 154645 69 155066 66 155487 61 155909 58 156330 54 156753 49 157174 46 157597 40 158020 34 158441 30 158868 12
1,25,
1,26,
1,27,132447 9 132863 14 133281 18 133697 25 134116 27 134534 29 134951 33 135370 35 135789 36 136208 38 136626 41 137045 42 137464 44 137881 48 138299 50 138717 53 139135 56 139550 61 139967 64 140385 66 140804 68 141223 69 141642 70 142061 71 142480 72 142899 73 143318 75 143737 76 144157 77 144576 78 144995 80 145414 81 145834 81 146253 83 146672 84 147091 85 147510 86 147929 87 148348 88 148767 89 149186 90 149605 91 150024 92 150443 93 150862 93 151281 94 151700 95 152119 95 152538 95 152957 96 153377 95 153796 96 154216 96 154636 95 155055 95 155475 95 155894 96 156314 95 156734 94 157154 93 157574 92 157994 91 158413 91 158833 90 159253 89 159673 88 160093 87 160513 86 160933 85 161353 84 161773 83 162193 82 162613 81 163034 80 163454 79 163874 78 164294 77 164714 76 165135 75 165555 74 165975 73 166396 71 166816 70 167237 68 167658 66 168079 63 168500 61 168921 59 169342 57 169763 54 170185 50 170606 47 171029 43 171450 40 171872 36 172294 33 172717 29 173138 26 173559 24 173982 15
1,28,
1,29,133717 33 134134 37 134552 40 134970 44 135383 52 135800 56 136217 60 136635 62 137052 66 137468 70 137887 72 138306 73 138723 77 139141 79 139559 81 139976 85 140394 87 140811 90 141229 92 141647 94 142065 96 142483 99 142901 101 143319 103 143738 104 144157 105 144575 107 144994 108 145413 109 145833 109 146252 110 146672 109 147091 110 147510 111 147930 111 148350 111 148769 111 149189 111 149608 111 150027 112 150447 112 150867 111 151286 112 151706 111 152125 112 152545 111 152965 110 153385 110 153805 110 154225 109 154645 108 155065 108 155485 107 155905 107 156325 107 156745 106 157165 105 157585 105 158005 104 158425 103 158845 103 159265 102 159685 101 160105 100 160525 99 160946 97 161366 96 161786 95 162206 94 162626 93 163047 91 163467 90 163887 89 164308 87 164728 86 165148 85 165568 84 165989 82 166410 81 166830 79 167251 77 167672 75 168093 73 168514 71 168934 68 169355 66 169777 63 170198 60 170619 56 171041 52 171462 48 171886 43 172308 39 172730 34 173152 29 173573 27 173997 15 174423 1
1,30,
1,31,
1,32,124468 9 124886 12 125305 15 125723 17 126140 22 126557 25 126975 27 127392 31 127810 33 128229 35 128647 37 129067 37 129485 39 129904 41 130323 42 130743 43 131162 44 131581 45 132001 46 132420 48 132840 48 133260 48 133680 48 134100 48 134518 51 134938 51 135358 51 135778 51 136197 52 136617 52 137037 52 137457 52 137876 53 138296 53 138716 53 139136 53 139556 53 139975 54 140395 54 140814 55 141234 55 141654 55 142073 56 142493 56 142912 57 143332 57 143751 58 144171 58 144591 59 145010 60 145430 60 145849 61 146269 61 146688 62 147108 62 147527 63 147947 63 148367 63 148786 64 149206 64 149625 64 150045 64 150464 65 150884 65 151304 65 151723 66 152143 66 152562 66 152982 66 153401 67 153821 67 154240 67 154660 66 155080 66 155499 67 155919 67 156338 67 156758 67 157177 68 157597 67 158017 67 158436 68 158856 67 159275 68 159694 69 160113 69 160532 70 160951 70 161370 71 161789 72 162208 72 162627 73 163046 73 163465 74 163885 74 164305 73 164725 73 165144 73 165563 74 165982 74 166401 74 166821 74 167241 73 167660 73 168080 72 168499 73 168919 72 169339 71 169759 71 170178 72 170598 71 171017 71 171437 70 171857 69 172278 68 172698 67 173119 66 173539 66 173959 65 174379 65 174799 64 175220 63 175640 62 176061 61 176481 60 176901 59 177322 57 177742 57 178162 57 178583 55 179004 53 179424 50 179845 48 180265 47 180686 44 181106 42 181527 39 181949 36 182370 31 182791 29 183211 28 183633 24 184054 21 184477 16
1,33,76597 5 77012 12 77428 17 77845 21 78262 24 78679 29 79096 33 79513 37 79930 41 80347 45 80764 49 81180 54 81594 61 82007 69 82420 76 82838 79 83256 81 83675 83 84094 84 84513 85 84932 87 85351 89 85771 89 86190 90 86610 90 87029 91 87448 92 87868 92 88287 93 88707 94 89127 94 89547 94 89967 94 90386 95 90806 95 91226 94 91646 94 92066 94 92486 94 92906 93 93326 92 93746 92 94166 92 94586 92 95006 91 95427 89 95847 88 96267 88 96687 87 97107 86 97527 85 97947 85 98368 82 98789 80 99209 79 99630 77 100050 75 100471 72 100891 71 101311 70 101732 67 102152 65 102573 62 102994 59 103415 57 103836 54 104257 51 104677 47 105098 44 105519 41 105941 36 106364 32 106786 26 107207 22 107635 7 108056 4
1,34,
1,35,
1,36,130325 2 130724 25 131141 33 131560 40 131979 44 132399 46 132818 52 133237 55 133657 59 134076 62 134495 65 134914 68 135334 69 135753 72 136172 74 136592 77 137012 78 137432 79 137852 80 138271 82 138691 83 139111 84 139531 85 139951 86 140371 87 140791 88 141210 90 141630 91 142050 92 142470 93 142890 93 143310 94 143730 94 144150 94 144570 94 144990 94 145410 94 145830 94 146250 94 146670 93 147090 93 147510 92 147930 92 148350 92 148770 91 149190 90 149611 89 150031 88 150451 87 150871 86 151291 86 151711 85 152132 83 152552 83 152972 83 153393 81 153813 79 154233 78 154653 76 155073 75 155494 73 155914 72 156335 71 156756 69 157176 69 157596 67 158017 64 158438 61 158859 57 159280 55 159702 52 160123 50 160545 46 160967 43 161388 38 161812 32 162235 27 162660 16
1,37,126576 14 126993 21 127409 25 127825 31 128240 36 128656 41 129071 46 129487 51 129903 55 130318 60 130734 65 131152 67 131570 70 131989 71 132407 73 132825 75 133243 78 133662 79 134080 81 134498 83 134916 85 135335 86 135754 87 136173 88 136592 89 137011 90 137430 91 137849 92 138268 93 138688 93 139107 94 139527 94 139947 94 140366 95 140786 95 141206 95 141625 96 142045 95 142464 96 142884 96 143303 97 143723 97 144143 97 144562 97 144982 96 145401 97 145820 98 146240 98 146659 98 147079 98 147499 98 147919 97 148339 97 148758 98 149178 97 149597 97 150017 96 150437 95 150857 94 151277 94 151697 94 152117 93 152537 93 152957 93 153377 92 153797 91 154218 89 154638 88 155058 88 155479 86 155899 85 156319 84 156740 82 157160 81 157580 80 158000 79 158421 77 158842 75 159263 73 159684 70 160106 67 160528 63 160949 61 161372 55 161794 51 162218 45 162641 40 163065 35 163487 30 163914 17
1,38,
1,39,124464 20 124878 28 125295 36 125710 42 126127 47 126544 51 126958 1 126962 54 127374 63 127790 68 128208 70 128627 72 129044 76 129462 78 129881 80 130300 81 130719 83 131139 83 131558 85 131977 86 132397 86 132816 87 133236 87 133655 89 134075 89 134494 90 134913 90 135333 90 135752 91 136172 91 136592 90 137011 91 137431 91 137850 91 138270 91 138690 91 139110 90 139529 91 139949 90 140368 91 140788 90 141208 90 141628 90 142048 90 142467 90 142887 90 143307 89 143726 90 144146 90 144566 89 144986 89 145406 88 145826 88 146245 89 146665 89 147085 88 147505 87 147925 86 148345 86 148765 86 149186 84 149606 83 150026 83 150446 83 150867 81 151287 81 151708 79 152128 78 152548 77 152968 76 153389 74 153810 73 154231 71 154652 69 155073 67 155494 65 155915 63 156335 62 156756 58 157178 54 157599 51 158020 49 158442 45 158864 42 159287 38 159708 31 160130 26 160554 15 160975 13
1,40,
1,41,
1,42,126589 3 127003 11 127422 14 127839 19 128258 20 128677 21 129094 26 129512 28 129932 28 130351 30 130769 32 131187 35 131606 36 132024 38 132441 41 132859 44 133277 46 133695 47 134113 49 134531 51 134948 54 135366 56 135784 58 136202 59 136620 61 137038 63 137455 66 137873 68 138292 68 138711 69 139130 70 139549 71 139967 73 140386 74 140805 75 141224 76 141643 76 142062 77 142480 78 142899 79 143318 80 143737 81 144156 82 144576 82 144995 83 145415 83 145834 84 146254 84 146673 85 147093 84 147512 85 147932 85 148351 86 148771 85 149191 85 149610 86 150030 86 150450 85 150870 85 151290 85 151710 84 152130 84 152550 84 152970 84 153390 83 153810 83 154230 82 154650 81 155070 81 155491 79 155911 79 156331 78 156752 77 157172 77 157592 76 158012 75 158432 74 158853 72 159273 71 159694 70 160114 69 160534 69 160954 68 161374 67 161795 64 162216 61 162636 60 163057 56 163478 54 163899 51 164320 48 164742 46 165163 43 165584 39 166006 36 166428 32 166851 23
1,43,140387 4 140806 7 141225 11 141644 13 142063 15 142482 17 142901 19 143320 21 143739 23 144158 25 144577 27 144996 30 145414 34 145833 36 146252 39 146671 42 147090 44 147508 49 147928 51 148347 53 148766 55 149185 58 149604 61 150022 64 150441 65 150860 67 151280 67 151699 69 152119 69 152538 71 152957 73 153377 73 153797 74 154217 74 154637 74 155057 74 155476 75 155896 76 156316 76 156736 76 157156 76 157576 76 157995 77 158415 77 158835 77 159255 77 159675 77 160095 77 160515 77 160935 76 161356 75 161776 74 162196 74 162616 74 163036 74 163457 72 163877 72 164298 70 164719 68 165139 68 165560 66 165980 66 166401 64 166822 62 167243 60 167664 58 168085 55 168506 53 168927 51 169349 47 169773 38 170202 21
1,44,127834 8 128252 12 128671 16 129086 26 129498 36 129911 45 130324 52 130742 55 131159 59 131577 61 131994 65 132412 67 132831 69 133250 70 133668 73 134087 74 134506 75 134925 76 135345 76 135764 77 136183 79 136602 80 137022 80 137441 81 137860 82 138280 83 138699 84 139118 85 139538 85 139958 85 140378 85 140798 85 141217 86 141637 86 142057 86 142477 86 142896 87 143316 87 143735 88 144155 88 144574 89 144994 89 145414 89 145834 89 146254 89 146673 89 147093 89 147513 89 147932 89 148352 89 148772 89 149192 88 149611 89 150031 88 150451 86 150871 86 151291 86 151711 85 152131 85 152551 85 152971 84 153391 83 153811 82 154231 81 154651 78 155072 76 155492 75 155913 73 156333 72 156753 68 157174 66 157595 63 158016 61 158436 60 158856 58 159277 56 159698 52 160119 50 160542 45 160964 41 161387 35 161809 28 162236 18
1,45,173192 5 173611 7 174026 16 174445 18 174864 20 175282 23 175700 26 176119 28 176538 30 176957 32 177375 35 177791 40 178209 42 178628 44 179043 50 179460 54 179877 57 180292 62 180710 65 181130 65 181540 4 181550 65 181958 9 181969 66 182377 78 182794 81 183213 82 183632 83 184051 84 184470 85 184890 85 185308 87 185728 87 186147 88 186567 87 186986 88 187406 88 187826 88 188245 88 188665 87 189084 88 189504 88 189924 88 190343 89 190762 89 191181 90 191601 90 192020 90 192440 90 192860 90 193280 89 193700 89 194120 88 194540 88 194960 88 195380 87 195801 85 196221 84 196641 83 197061 83 197481 82 197901 81 198321 81 198742 80 199162 78 199582 78 200002 75 200423 73 200844 70 201264 69 201684 67 202105 64 202525 63 202946 60 203366 57 203786 56 204207 51 204628 48 205049 44 205470 42 205891 38 206312 35 206732 31 207153 28 207574 25 207994 23 208416 19 208836 19 209257 16 209680 9
1,46,
1,47,
1,48,
1,49,119408 7 119818 25 120232 32 120649 38 121067 44 121484 50 121901 57 122319 63 122736 66 123153 70 123568 77 123988 78 124407 80 124827 82 125247 83 125666 85 126086 86 126505 88 126925 89 127344 90 127764 92 128184 92 128604 92 129023 94 129443 94 129863 94 130283 95 130703 95 131122 96 131542 96 131962 96 132382 96 132802 96 133222 96 133642 96 134062 96 134482 96 134902 96 135322 96 135742 96 136162 96 136582 96 137002 95 137423 94 137844 92 138264 92 138684 92 139104 91 139524 91 139944 90 140364 90 140784 89 141205 88 141625 87 142045 87 142466 85 142886 85 143306 84 143726 83 144147 82 144567 81 144987 78 145408 77 145829 75 146249 72 146670 70 147090 66 147511 62 147931 60 148352 58 148773 54 149194 51 149615 46 150036 42 150458 38 150879 34 151300 31 151723 21 152147 13
1,50,145025 32 145443 36 145861 39 146275 49 146691 54 147108 59 147526 61 147944 64 148363 66 148782 68 149202 68 149622 69 150041 70 150461 71 150880 72 151300 72 151719 74 152139 75 152559 75 152978 76 153398 77 153817 78 154237 78 154656 80 155076 80 155495 81 155915 82 156334 83 156753 84 157173 84 157592 85 158011 86 158431 86 158850 87 159269 88 159688 89 160108 89 160527 90 160947 90 161366 91 161785 92 162205 92 162625 92 163045 92 163464 93 163884 93 164304 93 164723 94 165142 95 165562 95 165981 96 166401 96 166821 96 167241 96 167661 96 168081 96 168501 96 168922 95 169342 95 169762 95 170182 95 170602 95 171023 94 171443 93 171863 93 172284 92 172704 92 173124 92 173544 92 173964 92 174385 90 174805 90 175226 89 175646 89 176066 89 176486 89 176907 88 177328 87 177749 85 178169 85 178590 84 179010 83 179431 82 179852 81 180272 80 180693 79 181113 79 181534 77 181954 77 182375 76 182795 76 183216 74 183636 74 184057 73 184478 71 184898 71 185320 68 185742 66 186163 65 186584 64 187006 61 187428 57 187849 55 188271 50 188692 48 189114 43 189535 38 189957 30 190380 23 190802 19 191228 11
1,51,126576 7 126987 20 127403 26 127819 32 128238 34 128656 36 129075 39 129492 42 129910 45 130327 48 130745 51 131163 54 131581 57 132000 58 132417 62 132835 64 133254 66 133671 69 134090 70 134508 72 134926 75 135344 77 135763 78 136179 82 136597 84 137015 86 137434 87 137853 88 138272 89 138689 92 139108 93 139525 96 139944 97 140363 98 140782 99 141201 100 141620 101 142039 102 142458 103 142877 103 143297 103 143717 103 144136 104 144556 103 144976 102 145395 103 145815 103 146234 104 146654 103 147074 103 147493 104 147913 104 148333 103 148752 104 149172 103 149592 103 150011 104 150431 104 150851 103 151270 104 151690 104 152110 103 152530 103 152951 101 153371 101 153791 100 154211 100 154632 99 155052 99 155472 98 155893 96 156313 95 156733 94 157153 94 157573 93 157994 92 158414 91 158834 91 159254 90 159675 88 160095 87 160516 85 160936 84 161356 83 161777 81 162197 80 162618 78 163038 77 163459 74 163880 72 164300 71 164721 69 165143 66 165563 65 165984 63 166405 59 166827 55 167248 50 167670 45 168092 39 168513 36 168936 30 169360 20
1,52,121963 10 122375 22 122794 24 123213 25 123626 34 124040 40 124458 43 124877 45 125296 46 125715 47 126134 48 126553 50 126972 51 127391 52 127810 53 128228 56 128647 57 129066 58 129485 59 129904 60 130323 61 130742 62 131161 63 131579 65 131998 66 132417 67 132836 68 133255 70 133674 72 134093 73 134511 75 134930 76 135349 77 135768 77 136187 78 136606 79 137025 79 137444 80 137863 81 138283 81 138702 81 139122 81 139541 82 139961 82 140381 82 140800 83 141220 82 141639 83 142059 83 142478 84 142898 83 143317 84 143737 84 144156 85 144576 84 144995 84 145415 84 145834 85 146254 84 146674 84 147094 84 147513 84 147933 84 148352 85 148772 84 149192 84 149612 83 150032 82 150452 80 150872 80 151292 79 151711 80 152131 80 152551 79 152971 78 153391 78 153811 77 154231 76 154651 75 155072 73 155492 72 155913 70 156333 68 156754 66 157174 65 157595 63 158016 61 158437 59 158858 57 159279 53 159700 50 160123 45 160544 43 160965 40 161388 35 161812 30 162237 23
1,53,74547 8 74961 18 75379 23 75798 26 76214 31 76630 36 77049 38 77467 41 77885 44 78303 47 78722 49 79141 51 79559 54 79978 55 80397 57 80815 60 81234 62 81653 63 82072 64 82491 66 82910 67 83330 67 83749 69 84168 70 84587 72 85006 74 85425 75 85845 75 86264 76 86683 77 87102 79 87521 80 87940 81 88359 82 88777 84 89196 85 89615 86 90034 87 90452 89 90871 90 91290 91 91709 92 92128 93 92546 94 92963 97 93382 98 93800 100 94219 99 94637 100 95057 100 95476 100 95895 101 96313 102 96732 103 97151 103 97570 103 97990 102 98409 102 98828 101 99247 101 99666 102 100085 102 100505 101 100924 101 101343 101 101762 101 102181 101 102600 100 103019 100 103439 99 103858 99 104277 98 104696 96 105115 96 105534 96 105954 91 106373 90 106792 87 107211 86 107631 83 108050 83 108470 82 108889 81 109309 80 109728 80 110147 80 110567 78 110986 77 111406 76 111825 76 112244 76 112664 76 113083 76 113503 76 113923 74 114342 74 114762 73 115182 72 115602 72 116022 71 116441 71 116861 71 117280 71 117700 71 118120 70 118540 69 118960 68 119380 68 119800 67 120219 68 120639 67 121059 66 121479 66 121899 65 122319 65 122739 64 123159 64 123579 63 123999 62 124419 62 124839 61 125259 60 125679 60 126099 59 126519 58 126939 58 127359 57 127779 56 128199 55 128619 54 129039 53 129459 53 129879 52 130299 52 130719 51 131140 49 131560 49 131980 48 132400 46 132820 45 133240 44 133661 42 134081 41 134502 39 134922 37 135343 34 135764 32 136185 29 136606 25 137027 21 137449 15 137870 9 138292 5
1,54,127405 12 127819 23 128237 26 128655 29 129070 36 129488 39 129905 44 130323 46 130740 50 131158 52 131575 56 131992 59 132410 61 132828 63 133246 65 133663 68 134082 70 134501 71 134919 73 135338 74 135757 75 136175 76 136594 77 137013 78 137432 79 137851 80 138271 80 138690 81 139109 82 139528 83 139947 84 140367 84 140786 85 141205 86 141624 87 142044 87 142463 87 142882 88 143302 88 143722 88 144141 89 144561 88 144981 88 145400 89 145819 90 146239 89 146658 90 147077 90 147497 89 147917 89 148337 88 148756 88 149175 88 149595 87 150015 86 150435 85 150854 86 151274 85 151694 85 152114 84 152534 84 152954 83 153373 84 153793 83 154213 82 154633 81 155052 82 155472 81 155892 80 156311 80 156731 79 157151 78 157571 77 157991 76 158411 74 158831 73 159250 73 159670 71 160090 68 160510 67 160930 66 161351 62 161771 61 162191 60 162612 57 163033 54 163453 53 163873 50 164293 49 164714 45 165134 43 165556 39 165977 36 166398 29 166823 19
1,55,
1,56,156344 19 156758 28 157176 33 157593 38 158010 44 158427 50 158844 56 159260 63 159679 67 160098 69 160518 70 160937 71 161356 74 161775 76 162195 77 162614 79 163034 80 163454 80 163873 82 164293 83 164712 84 165132 85 165552 86 165971 87 166391 88 166811 88 167231 88 167650 89 168070 89 168491 88 168911 88 169332 87 169753 86 170173 86 170594 85 171014 85 171434 85 171854 84 172275 83 172696 82 173116 81 173536 80 173957 79 174377 78 174798 76 175219 75 175639 75 176060 73 176481 71 176901 70 177322 69 177744 66 178166 63 178587 61 179010 57 179431 55 179854 51 180276 48 180701 42 181124 37 181548 31 181976 21 182402 12
1,57,115194 12 115610 18 116025 30 116439 46 116857 50 117275 54 117693 59 118111 63 118529 66 118947 69 119365 72 119783 75 120203 76 120623 77 121042 79 121462 80 121882 80 122301 82 122721 82 123141 83 123560 84 123980 84 124400 84 124819 85 125239 85 125659 85 126078 86 126498 86 126918 86 127337 87 127757 87 128177 86 128596 87 129016 87 129436 87 129857 86 130277 85 130698 84 131118 84 131539 82 131960 81 132382 78 132804 74 133224 73 133645 71 134066 70 134487 68 134907 67 135328 65 135749 63 136170 61 136591 58 137012 56 137433 54 137854 51 138275 49 138696 47 139117 45 139539 40 139961 37 140382 35 140804 32 141225 28 141647 24 142068 20 142492 13
1,58,
1,59,
1,60,
1,61,130330 16 130747 23 130781 5 131160 35 131198 9 131575 52 131992 56 132410 59 132829 60 133248 62 133665 66 134083 68 134501 71 134920 73 135339 75 135758 76 136177 77 136595 79 137013 81 137431 83 137850 84 138268 86 138687 87 139105 88 139524 88 139944 88 140363 89 140782 90 141201 91 141620 92 142039 92 142458 93 142878 93 143297 94 143717 93 144136 94 144556 93 144976 92 145396 92 145815 93 146235 92 146655 91 147075 89 147495 87 147915 86 148335 85 148755 83 149175 82 149595 81 150016 79 150436 76 150857 73 151277 72 151697 71 152118 68 152539 65 152960 62 153381 58 153802 55 154223 52 154645 48 155066 45 155488 38 155910 33 156334 27 156757 19 157182 6
1,62,
1,63,
1,64,
1,65,
1,66,134542 24 134958 31 135373 38 135793 38 136211 42 136626 49 137042 53 137459 57 137877 60 138297 61 138715 63 139134 64 139551 69 139970 70 140389 72 140808 73 141226 75 141643 79 142061 81 142480 82 142899 84 143318 85 143737 86 144156 87 144575 88 144994 89 145414 89 145833 90 146252 91 146671 92 147090 93 147510 93 147929 94 148348 95 148767 96 149186 97 149606 97 150025 98 150445 98 150865 97 151284 98 151704 98 152124 98 152543 99 152963 99 153383 98 153802 99 154222 99 154642 99 155061 100 155481 100 155901 99 156320 100 156740 99 157160 99 157579 100 157999 99 158419 99 158838 100 159258 99 159677 100 160098 98 160517 99 160937 99 161356 99 161776 98 162196 98 162616 97 163036 96 163455 97 163875 97 164295 97 164715 96 165135 95 165555 95 165975 94 166395 93 166815 93 167236 91 167656 90 168076 89 168496 89 168917 87 169337 86 169757 84 170178 83 170599 81 171019 81 171440 79 171860 78 172281 76 172702 74 173122 73 173543 71 173963 70 174384 67 174805 65 175226 62 175647 61 176068 59 176488 57 176909 55 177330 53 177751 51 178172 49 178595 43 179017 36 179441 30 179864 23 180293 10
1,67,119427 2 119840 10 120257 14 120675 18 121092 22 121511 24 121930 27 122346 32 122765 34 123184 36 123603 39 124022 41 124441 43 124859 46 125278 49 125696 52 126115 54 126533 57 126951 60 127368 64 127787 65 128205 68 128624 69 129043 71 129462 72 129881 73 130300 75 130719 76 131137 78 131556 79 131974 82 132394 82 132812 84 133232 84 133650 86 134070 86 134488 88 134908 88 135327 89 135747 89 136167 89 136586 90 137006 90 137426 89 137845 90 138265 90 138684 91 139104 91 139524 91 139943 92 140362 92 140782 92 141202 92 141622 91 142042 90 142461 91 142881 91 143301 90 143721 90 144141 89 144560 90 144980 89 145400 89 145820 88 146240 87 146660 86 147080 85 147500 85 147920 84 148340 84 148760 83 149180 82 149600 82 150020 81 150440 79 150860 79 151280 79 151700 78 152120 77 152540 76 152960 76 153380 76 153800 74 154220 74 154641 72 155061 71 155481 71 155902 69 156322 69 156742 68 157163 67 157584 64 158004 63 158424 63 158845 61 159265 60 159686 56 160107 54 160528 52 160949 50 161370 47 161791 44 162212 41 162636 35 163058 31 163479 29 163901 26 164325 17
1,68,
1,69,
1,70,
1,71,
1,72,
1,73,
1,74,131176 12 131591 21 132008 27 132424 33 132840 39 133257 43 133673 48 134092 50 134510 53 134927 57 135345 60 135762 64 136180 66 136598 68 137017 68 137436 69 137855 69 138274 70 138693 71 139112 72 139531 73 139951 73 140371 74 140791 74 141210 75 141630 75 142049 76 142468 77 142888 77 143308 78 143728 78 144148 78 144568 78 144988 78 145408 78 145827 79 146247 79 146667 80 147087 80 147507 80 147927 80 148347 80 148767 80 149187 80 149607 80 150027 81 150447 81 150867 81 151288 80 151708 80 152128 80 152548 80 152968 80 153389 80 153809 80 154230 78 154650 77 155070 76 155491 74 155911 73 156332 71 156752 69 157172 67 157593 63 158013 60 158433 59 158854 53 159275 48 159696 41 160118 35 160540 29 160962 26 161389 10
1,75,134119 15 134532 30 134946 41 135362 46 135780 49 136199 53 136615 59 137034 61 137451 66 137870 68 138288 71 138706 73 139124 76 139543 78 139962 79 140381 80 140800 82 141219 83 141638 84 142058 84 142478 85 142897 86 143316 87 143735 88 144155 88 144574 88 144992 90 145412 90 145832 90 146251 91 146670 92 147090 92 147509 92 147928 93 148348 93 148769 91 149189 91 149609 90 150030 89 150450 88 150871 87 151291 86 151711 86 152132 84 152552 84 152972 83 153393 82 153813 81 154233 81 154654 79 155074 78 155495 76 155915 74 156336 72 156756 71 157177 69 157597 68 158018 66 158438 65 158858 64 159279 62 159699 61 160120 59 160540 58 160961 55 161382 53 161803 51 162225 48 162647 44 163069 40 163492 34 163915 29 164339 15
1,76,
1,77,
1,78,
1,79,
1,80,84543 14 84961 19 85378 26 85795 31 86212 37 86630 41 87049 45 87468 48 87886 51 88304 54 88722 58 89141 60 89560 62 89979 64 90398 66 90816 68 91235 70 91654 71 92072 74 92491 75 92909 78 93329 78 93748 79 94167 81 94587 81 95006 82 95426 82 95845 83 96265 82 96684 83 97103 84 97523 84 97943 83 98362 83 98782 82 99202 81 99622 80 100041 80 100461 79 100881 77 101300 76 101720 76 102140 76 102560 76 102980 76 103400 74 103820 72 104240 70 104660 68 105080 66 105500 64 105920 62 106340 60 106761 57 107181 55 107602 52 108022 51 108442 51 108863 48 109284 45 109705 41 110126 39 110547 36 110968 34 111390 31 111811 27 112232 25 112653 23 113075 20 113499 15 113921 11
1,81,
1,82,
1,83,
1,84,
1,85,129485 21 129900 30 130317 36 130736 38 131153 43 131570 47 131989 51 132406 55 132823 60 133242 61 133659 67 134078 68 134498 69 134917 71 135337 72 135756 73 136176 73 136595 75 137015 75 137434 76 137854 76 138273 77 138693 77 139112 78 139532 78 139951 79 140371 79 140790 80 141210 80 141629 81 142049 81 142468 82 142888 82 143307 83 143727 83 144146 84 144566 84 144985 85 145405 85 145824 86 146244 86 146663 87 147083 87 147502 88 147922 87 148341 88 148761 88 149180 88 149600 88 150019 89 150438 89 150858 88 151277 89 151697 88 152116 89 152536 89 152955 89 153375 88 153794 89 154214 89 154633 90 155053 89 155472 89 155891 89 156311 1 156315 84 156730 1 156735 84 157156 82 157576 82 157996 81 158416 81 158837 79 159257 78 159678 76 160099 74 160520 72 160940 71 161360 70 161782 67 162203 65 162624 63 163045 61 163466 58 163887 56 164308 54 164730 49 165151 45 165576 38 165997 35 166421 26
1,86,
1,87,87929 8 88348 10 88764 18 89180 23 89598 28 90015 32 90433 35 90852 37 91269 41 91687 44 92107 45 92526 46 92946 46 93365 48 93784 50 94204 50 94623 51 95042 53 95462 53 95881 54 96300 55 96720 55 97139 57 97558 58 97978 58 98397 59 98816 60 99236 60 99655 61 100074 62 100494 62 100913 63 101332 63 101752 63 102171 64 102590 65 103010 65 103429 65 103848 66 104268 66 104687 67 105106 67 105526 67 105945 68 106364 69 106784 68 107203 69 107623 69 108042 70 108461 70 108881 70 109300 71 109719 71 110139 71 110558 71 110977 72 111397 72 111816 72 112235 73 112655 72 113074 73 113493 73 113913 73 114332 73 114751 73 115171 73 115590 73 116009 73 116429 73 116848 73 117267 74 117687 73 118106 74 118525 74 118945 74 119364 74 119783 75 120203 74 120622 74 121042 73 121461 73 121880 73 122300 73 122720 72 123140 71 123560 70 123980 70 124400 69 124820 68 125240 67 125660 67 126080 66 126500 65 126921 63 127341 62 127761 61 128181 60 128601 59 129021 58 129441 57 129861 55 130280 55 130699 54 131119 52 131539 51 131959 50 132380 48 132800 46 133222 40 133643 38 134065 34 134487 29 134908 24 135330 18 135752 13
1,88,132869 4 133282 12 133696 26 134109 34 134523 44 134936 52 135350 60 135763 67 136177 75 136590 83 137006 89 137425 91 137843 95 138262 96 138681 98 139099 101 139518 105 139936 107 140355 108 140775 109 141196 109 141616 110 142036 110 142456 111 142876 111 143296 112 143716 112 144136 112 144556 112 144976 113 145396 113 145816 113 146237 112 146657 112 147077 112 147497 112 147917 112 148337 112 148758 111 149178 111 149599 110 150020 108 150440 108 150860 108 151281 107 151702 106 152123 104 152544 102 152965 100 153386 98 153807 97 154228 95 154649 93 155070 90 155491 88 155913 85 156334 83 156758 78 157180 74 157602 70 158024 67 158446 64 158868 59 159290 54 159713 48 160136 41 160561 33 160984 27 161410 11
1,89,129511 6 129928 16 130345 23 130761 27 131178 33 131595 37 132011 44 132428 49 132845 55 133261 59 133678 63 134095 67 134511 72 134928 76 135344 80 135761 84 136178 88 136594 92 137011 95 137428 98 137845 101 138265 101 138686 100 139106 100 139526 99 139947 98 140367 97 140787 97 141207 97 141628 96 142048 95 142468 94 142888 94 143308 93 143729 91 144150 89 144570 88 144991 87 145411 86 145831 84 146251 83 146671 81 147092 79 147513 77 147934 76 148355 73 148776 71 149197 69 149619 65 150041 61 150462 58 150883 57 151305 54 151726 52 152148 49 152570 45 152991 42 153414 37 153837 30 154260 21
1,90,88752 22 89167 30 89583 38 89999 45 90417 48 90834 52 91249 58 91666 62 92083 66 92499 71 92917 74 93336 75 93752 80 94169 83 94588 84 95007 85 95426 86 95846 86 96265 87 96685 87 97104 88 97524 88 97944 88 98363 89 98783 89 99203 89 99622 90 100042 90 100462 89 100881 89 101301 89 101722 87 102145 84 102567 82 102988 80 103409 79 103829 78 104250 75 104670 74 105090 73 105511 72 105931 71 106351 71 106772 69 107193 66 107613 66 108034 64 108455 61 108875 59 109296 56 109718 52 110139 50 110560 47 110982 42 111404 39 111827 34 112251 28 112674 23 113099 15 113526 2
1,91,137868 9 138288 9 138703 29 139120 40 139539 47 139958 49 140377 54 140796 57 141215 60 141634 63 142053 65 142473 66 142892 68 143311 70 143730 73 144150 75 144570 76 144989 79 145409 79 145829 80 146248 82 146668 84 147088 84 147507 86 147927 86 148347 87 148766 88 149186 89 149605 90 150025 91 150445 91 150865 91 151285 91 151705 91 152125 91 152546 91 152966 91 153386 91 153806 91 154226 91 154647 90 155067 90 155488 89 155908 89 156328 89 156749 88 157169 88 157590 87 158010 87 158430 87 158851 85 159271 85 159692 84 160113 82 160534 81 160955 79 161375 79 161796 77 162217 76 162638 74 163060 71 163481 70 163902 68 164324 65 164745 63 165167 60 165589 56 166010 54 166432 51 166854 47 167276 43 167699 37 168123 30 168547 23 168971 16
1,92,129903 4 130317 15 130735 21 131152 25 131570 28 131988 30 132406 33 132825 35 133243 37 133662 39 134081 41 134499 44 134918 45 135337 47 135756 49 136175 50 136594 52 137013 54 137432 56 137851 57 138270 59 138690 60 139109 61 139528 63 139947 65 140366 66 140786 67 141205 69 141624 70 142043 72 142463 72 142882 74 143301 76 143721 76 144140 78 144560 78 144979 80 145399 81 145818 82 146238 83 146658 84 147077 85 147497 85 147916 87 148336 87 148756 87 149175 88 149595 88 150014 89 150434 89 150854 89 151273 90 151693 90 152112 91 152532 91 152952 91 153372 91 153791 92 154211 92 154631 92 155051 92 155470 93 155890 93 156310 92 156730 92 157149 92 157569 92 157989 91 158409 90 158829 90 159249 89 159669 89 160089 89 160509 89 160929 88 161349 87 161770 85 162190 85 162610 84 163031 81 163451 80 163871 80 164292 78 164713 76 165134 73 165555 70 165975 69 166396 67 166817 64 167238 61 167659 59 168080 56 168501 53 168922 51 169343 48 169764 45 170185 41 170607 38 171029 34 171452 28 171874 23 172297 13
1,93,
1,94,
1,95,
1,96,137896 17 138315 20 138731 27 139145 34 139557 45 139976 47 140392 52 140811 54 141228 58 141643 63 142061 67 142478 70 142897 72 143316 74 143733 77 144152 78 144571 79 144990 82 145409 83 145828 84 146247 86 146666 88 147084 90 147502 93 147920 95 148340 95 148758 98 149177 99 149596 100 150015 101 150434 103 150854 103 151273 104 151692 106 152111 107 152530 108 152950 108 153369 109 153789 109 154208 110 154628 110 155048 110 155468 110 155888 110 156308 110 156728 109 157148 109 157568 109 157988 109 158408 108 158828 108 159248 108 159669 106 160090 105 160511 103 160931 103 161352 101 161773 99 162193 99 162613 99 163034 97 163455 96 163876 94 164297 93 164718 91 165138 91 165559 89 165980 88 166401 86 166821 85 167242 84 167663 82 168084 79 168505 77 168926 74 169347 71 169768 68 170189 64 170610 61 171031 58 171452 56 171874 52 172295 48 172716 43 173137 41 173558 38 173980 34 174402 28 174824 23 175247 18
1,97,
1,98,
1,99,
1,100,
1,101,131594 18 132012 24 132427 32 132844 38 133262 42 133678 48 134096 50 134513 54 134932 56 135350 58 135769 60 136186 63 136604 66 137022 68 137440 71 137858 73 138277 75 138696 76 139116 76 139534 78 139953 79 140373 79 140792 81 141212 81 141631 83 142051 83 142470 84 142890 84 143310 84 143729 85 144148 86 144568 86 144987 87 145407 87 145826 88 146246 87 146666 87 147085 88 147505 87 147925 87 148345 87 148764 88 149184 88 149604 88 150024 87 150444 87 150864 87 151284 86 151704 86 152123 86 152543 86 152962 86 153382 86 153802 86 154222 85 154642 85 155062 84 155482 84 155902 83 156322 83 156742 82 157163 81 157583 80 158003 80 158424 78 158844 77 159264 77 159685 75 160105 74 160525 73 160946 72 161366 71 161786 70 162207 69 162627 68 163048 66 163469 65 163889 64 164310 62 164731 60 165151 59 165572 57 165993 55 166413 54 166834 52 167255 50 167677 47 168098 45 168519 42 168940 40 169361 37 169782 35 170204 31 170626 28 171047 25 171470 21 171894 14
1,102,
1,103,
1,104,145048 6 145466 11 145884 15 146299 24 146718 27 147137 29 147555 32 147973 35 148391 37 148809 40 149227 42 149645 44 150063 46 150481 48 150900 49 151319 50 151738 51 152157 52 152576 53 152995 54 153414 54 153833 55 154252 56 154671 56 155090 57 155509 58 155928 58 156347 59 156765 60 157183 61 157602 62 158021 63 158440 63 158859 64 159278 64 159697 65 160115 66 160534 67 160953 67 161372 68 161792 67 162212 66 162632 66 163051 67 163470 67 163889 68 164309 67 164728 68 165148 67 165567 67 165986 68 166406 67 166825 68 167244 68 167663 68 168083 68 168502 68 168921 69 169341 68 169760 69 170180 68 170600 68 171019 68 171438 69 171857 70 172277 70 172697 69 173117 69 173537 69 173958 68 174379 67 174799 66 175219 66 175639 66 176059 66 176479 66 176900 64 177320 64 177741 63 178161 63 178582 62 179002 61 179423 60 179844 59 180264 59 180685 58 181105 57 181526 54 181947 51 182367 49 182787 46 183208 43 183628 41 184050 37 184470 34 184891 31 185313 26 185736 22 186157 20 186581 12
1,105,
1,106,102177 14 102592 24 103011 26 103427 34 103841 42 104257 48 104674 53 105092 56 105511 58 105930 59 106348 62 106767 64 107186 65 107605 67 108024 68 108441 72 108861 73 109280 75 109699 77 110118 78 110537 80 110956 81 111375 82 111794 83 112213 85 112633 85 113053 85 113472 86 113892 86 114312 86 114732 86 115152 86 115572 86 115992 85 116412 85 116832 85 117252 85 117672 85 118092 84 118511 85 118931 84 119351 84 119770 84 120190 84 120610 84 121030 83 121450 82 121870 81 122291 80 122711 79 123131 79 123552 77 123973 75 124393 74 124814 73 125234 72 125655 70 126075 69 126496 67 126917 65 127338 64 127759 62 128180 60 128602 57 129023 55 129444 54 129866 51 130288 47 130710 43 131132 39 131553 37 131975 31 132403 18
1,107,120264 4 120684 5 121101 13 121517 22 121934 27 122350 33 122769 34 123188 36 123606 39 124024 42 124443 44 124862 46 125281 47 125699 50 126118 52 126537 54 126956 55 127374 58 127793 59 128212 61 128631 62 129050 64 129468 66 129887 68 130306 70 130725 71 131143 73 131562 75 131981 76 132400 77 132818 80 133237 81 133656 82 134075 84 134494 86 134912 88 135331 89 135750 90 136169 91 136587 93 137006 94 137425 95 137844 96 138262 98 138682 98 139103 97 139523 97 139943 97 140363 97 140783 97 141203 97 141623 97 142043 96 142463 96 142883 95 143303 95 143723 95 144143 95 144563 95 144984 93 145403 94 145822 94 146241 95 146660 95 147079 96 147498 96 147918 96 148337 96 148757 96 149177 95 149597 95 150017 94 150437 94 150858 92 151279 91 151699 90 152119 90 152539 89 152960 88 153381 86 153801 86 154222 84 154643 82 155064 81 155486 78 155907 75 156328 73 156748 73 157169 70 157591 66 158012 64 158433 62 158854 61 159278 55 159700 50 160122 43 160544 34 160966 29 161388 18
1,108,162273 6 162686 22 163102 29 163521 31 163938 36 164354 41 164772 44 165189 48 165608 49 166027 51 166443 55 166863 55 167282 57 167700 60 168118 62 168537 63 168955 65 169372 68 169789 71 170207 73 170625 75 171045 75 171464 75 171883 76 172302 77 172722 76 173140 78 173560 78 173979 79 174399 79 174819 79 175238 80 175657 81 176077 81 176496 82 176916 82 177335 83 177754 84 178172 86 178592 85 179011 86 179430 87 179849 88 180267 90 180685 92 181104 92 181523 93 181942 94 182361 95 182781 94 183201 94 183620 95 184040 94 184460 94 184879 95 185299 94 185719 94 186138 95 186558 94 186978 94 187397 95 187817 94 188237 94 188657 93 189076 94 189496 93 189916 92 190336 91 190756 90 191177 89 191597 88 192017 87 192437 87 192857 86 193277 85 193698 84 194119 82 194539 81 194960 79 195381 77 195801 76 196222 75 196643 73 197064 72 197485 71 197906 69 198328 66 198749 64 199171 61 199592 58 200015 54 200437 50 200859 47 201280 44 201703 40 202126 34 202549 27 202972 20
1,109,139163 13 139569 28 139986 32 140402 37 140820 40 141238 43 141656 46 142074 49 142492 53 142910 56 143329 58 143747 62 144166 64 144584 67 145003 70 145422 72 145842 72 146260 74 146679 76 147097 79 147516 80 147935 81 148353 83 148773 83 149192 84 149611 85 150029 87 150448 88 150868 88 151287 89 151706 91 152125 92 152545 92 152965 92 153385 92 153804 93 154224 93 154643 93 155062 94 155482 94 155902 94 156321 95 156741 95 157161 95 157581 95 158000 95 158420 95 158840 95 159260 94 159680 94 160100 93 160520 92 160940 91 161360 90 161780 90 162200 89 162620 88 163040 87 163460 86 163881 85 164301 84 164721 84 165141 83 165562 81 165982 81 166402 80 166823 78 167244 76 167665 74 168085 73 168506 70 168927 68 169347 68 169768 66 170189 64 170611 62 171031 61 171452 58 171873 55 172294 53 172715 51 173137 48 173558 46 173980 42 174402 38 174824 35 175249 28 175674 19 176096 16
1,110,
1,111,132866 17 133283 23 133684 49 134102 53 134514 62 134931 66 135347 71 135764 76 136181 81 136600 83 137016 87 137435 89 137854 90 138272 93 138691 94 139110 95 139528 98 139948 98 140367 99 140786 101 141205 102 141624 103 142044 103 142463 104 142883 104 143302 105 143721 105 144141 105 144561 104 144981 104 145401 103 145820 104 146240 104 146660 103 147080 103 147500 102 147920 102 148340 101 148760 100 149180 99 149600 98 150021 97 150441 96 150861 95 151281 94 151702 92 152122 91 152544 88 152964 87 153385 85 153805 84 154226 81 154647 79 155068 76 155490 72 155910 70 156332 66 156753 62 157175 58 157596 55 158016 53 158437 49 158858 44 159281 39 159702 36 160126 28 160553 15 160980 1
1,112,
1,113,131174 8 131586 21 132001 31 132416 40 132830 49 133246 54 133663 60 134080 65 134499 66 134917 70 135336 73 135754 75 136173 77 136591 80 137011 81 137430 83 137849 85 138268 87 138687 88 139106 90 139525 91 139944 93 140364 93 140783 94 141203 94 141622 95 142041 96 142461 96 142881 96 143301 96 143721 96 144141 96 144561 96 144981 96 145400 97 145820 97 146240 97 146660 97 147081 95 147501 95 147921 94 148341 94 148761 94 149182 92 149602 91 150022 90 150442 90 150863 88 151283 87 151704 86 152125 84 152546 82 152966 80 153387 78 153808 76 154229 74 154650 72 155070 71 155491 69 155913 65 156334 62 156755 59 157176 57 157598 53 158020 49 158442 44 158864 40 159289 30 159716 16
1,114,
1,115,
1,116,
1,117,
1,118,145005 10 145423 14 145842 16 146260 20 146678 24 147096 28 147514 32 147933 34 148352 36 148772 45 149191 56 149610 62 150028 65 150448 66 150867 68 151287 68 151706 70 152125 72 152544 74 152964 74 153383 76 153803 76 154222 77 154642 77 155062 77 155482 77 155901 78 156320 79 156740 79 157160 79 157580 79 157999 80 158419 80 158839 80 159259 80 159679 80 160099 80 160519 80 160939 80 161360 78 161780 78 162200 78 162620 77 163040 77 163461 76 163881 75 164302 74 164722 73 165142 72 165562 71 165983 70 166404 68 166825 66 167247 64 167669 61 168090 58 168511 56 168932 54 169353 51 169775 47 170196 44 170619 38 171040 36 171462 32 171886 24 172311 14
1,119,121525 13 121937 25 122349 36 122768 38 123186 41 123603 46 124019 52 124437 56 124854 61 125272 64 125690 67 126107 71 126524 74 126942 77 127359 81 127778 83 128197 84 128616 86 129034 88 129453 90 129872 91 130291 92 130711 92 131130 94 131549 95 131968 96 132387 97 132807 97 133226 99 133646 99 134065 101 134485 101 134904 102 135324 102 135743 102 136163 102 136583 102 137002 102 137422 102 137841 103 138260 103 138680 103 139100 103 139520 102 139941 101 140361 100 140781 99 141202 98 141622 97 142042 96 142463 95 142883 94 143303 93 143724 91 144144 91 144564 90 144985 88 145405 87 145826 86 146246 85 146664 86 147081 89 147498 91 147915 93 148335 92 148755 92 149175 91 149595 90 150016 88 150436 87 150857 85 151277 84 151698 82 152118 81 152539 80 152960 78 153381 75 153801 74 154222 72 154643 70 155064 68 155485 66 155906 65 156327 63 156748 61 157169 59 157591 56 158012 54 158434 50 158855 48 159278 43 159701 38 160123 34 160545 31 160968 26 161392 19 161816 12
1,120,
